code,eds,swd,glp_ALL,outcome_residual,state_ppe,federal_ppe,local_ppe,total_ppe,ADM
00A000,68.98,15.65,43.1,-0.26,7663.44,963.77,1061.27,9688.47,2442
00B000,68.88,12.35,44.8,0.44,7654.89,678.29,1255.89,9589.07,3474
01B000,35.82,7.79,74.3,6.42,7780.43,209.55,2774.4,10764.39,773
01C000,28.89,15.37,55.1,-15.29,8187.3,439.86,1723.7,10350.85,941
01D000,27.06,12.91,64.1,-8.22,7869.14,341.54,2234.23,10444.91,583
01F000,42.58,18.12,45.5,-14.9,8621.64,410.01,1589.83,10621.48,713
06B000,66.45,28.39,49.0,7.56,12004.82,2358.46,5193.33,19556.61,126
07A000,37.06,16.27,62.0,-2.64,8527.83,247.46,3200.63,11975.91,408
09A000,77.09,13.97,40.8,2.42,8983.53,1366.93,1487.36,11837.82,215
09B000,46.01,18.57,54.1,-3.87,9315.37,855.6,1722.45,11893.43,619
10A000,44.25,15.22,66.6,6.49,7926.69,521.95,3551.09,11999.73,930
10B000,45.43,10.22,73.1,12.37,8076.68,498.51,4297.65,12872.84,569
11A000,38.08,21.44,66.4,3.91,7923.06,445.53,5616.87,13985.46,426
11B000,49.76,15.54,64.5,8.19,8686.91,617.1,3452.21,12756.22,388
11C000,37.08,12.81,51.6,-14.01,8025.49,477.58,4207.32,12710.39,1208
11D000,40.66,13.78,58.1,-4.83,8019.96,602.16,3981.39,12603.5,696
11F000,87.79,31.4,50.0,23.76,9195.53,586.47,9840.34,19622.32,157
11K000,44.79,22.57,56.6,-1.06,8287.23,438.11,5384.21,14109.54,188
11L000,39.22,10.46,49.7,-15.14,8026.58,467.66,4503.73,12997.98,135
12A000,31.76,17.94,61.7,-6.03,8498.7,529.53,2374.86,11403.09,561
13A000,40.18,23.83,45.2,-15.2,8620.0,547.71,2793.71,11961.42,713
13B000,65.12,9.14,37.0,-10.8,8929.59,1029.39,7096.15,17055.14,641
13C000,61.68,16.81,41.5,-6.44,8662.72,1877.76,5597.22,16137.7,406
13D000,57.01,13.16,60.4,8.29,8020.39,775.74,2788.12,11584.25,794
14B000,50.84,15.15,37.4,-18.29,8487.69,615.25,1655.77,10758.72,245
16B000,38.78,17.35,69.9,6.72,8553.04,471.86,4018.57,13043.47,197
19A000,29.15,10.82,76.6,5.1,6473.26,341.09,2802.12,9616.47,681
19B000,14.31,13.03,86.8,5.95,7676.72,203.59,6203.79,14084.1,512
19C000,17.74,23.14,57.8,-17.88,7950.14,554.52,5310.9,13815.56,278
23A000,41.5,12.58,64.4,1.7,8250.57,673.52,822.05,9746.14,1152
24B000,90.91,15.15,18.2,-10.56,11864.39,4129.92,3689.07,19683.36,61
24N000,72.67,16.34,46.7,6.02,10447.94,942.6,2129.57,13520.1,804
25A000,35.37,16.78,44.0,-21.63,8583.5,549.61,2161.37,11294.49,351
26B000,68.7,11.26,70.4,25.61,8495.79,1586.3,3113.73,13195.82,946
26C000,60.1,16.99,50.7,1.75,8237.31,627.58,1354.69,10219.58,814
29A000,54.62,10.83,51.8,-2.58,7997.27,496.2,2392.08,10885.54,621
32A000,73.37,16.77,49.6,9.51,8617.0,745.1,6646.11,16008.21,619
32B000,64.69,9.45,64.5,16.5,7841.4,555.49,6590.68,14987.57,988
32C000,71.02,7.07,29.7,-14.72,8081.66,954.05,4912.6,13948.3,199
32D000,50.94,10.74,47.2,-9.67,7998.65,640.72,4619.07,13258.44,414
32H000,59.04,17.15,39.0,-10.62,7830.15,1395.11,1502.38,10727.63,711
32K000,33.22,26.99,59.3,-4.88,8882.07,420.62,5948.55,15251.24,570
32L000,22.06,19.14,72.7,-1.21,7940.72,263.19,9325.04,17528.95,1344
32M000,70.26,18.22,39.0,-2.77,8937.36,822.65,6738.42,16498.43,197
32P000,57.55,9.95,48.4,-4.26,8269.9,2606.48,4284.25,15160.62,405
32Q000,87.41,7.65,57.1,23.87,9078.36,806.35,5546.36,15431.07,390
32R000,23.54,11.85,55.2,-19.78,7594.35,478.51,4260.74,12333.59,1023
32S000,61.33,12.0,34.4,-15.13,8233.46,983.2,8683.26,17899.92,371
32T000,38.69,13.8,57.5,-6.74,7689.85,432.19,10440.8,18562.84,453
33A000,63.53,11.67,60.2,12.05,9359.08,650.7,1104.79,11114.57,1052
34B000,85.76,13.27,38.3,5.55,7610.33,1918.37,5828.78,15357.48,748
34D000,73.28,8.97,27.8,-14.56,8712.13,2075.45,4714.76,15502.35,446
34F000,86.51,17.08,39.1,7.93,8261.06,1140.19,1726.67,11127.92,712
34G000,38.11,15.15,67.8,3.55,7509.7,479.71,3926.76,11916.17,660
34H000,15.8,8.12,82.9,1.66,5796.64,143.05,1478.13,7417.83,1480
34Z000,72.81,20.0,31.6,-7.95,8077.48,3574.18,6336.89,17988.55,290
35A000,48.35,16.0,47.0,-10.13,8445.69,584.57,2881.85,11912.12,397
35B000,20.55,6.48,55.2,-23.32,7978.81,265.52,26423.77,34668.11,593
35C000,31.12,9.07,60.5,-10.18,8012.03,308.07,992.74,9312.84,2553
36B000,39.55,11.18,60.6,-3.81,7668.62,545.16,602.14,8815.92,1928
36C000,27.39,8.29,74.7,1.3,7295.93,289.91,3251.29,10837.13,1772
36G000,46.1,18.12,57.0,-1.04,7728.95,436.59,1388.31,9553.85,843
39A000,34.22,20.1,68.1,2.64,8378.07,524.59,2857.18,11759.84,1098
39B000,43.26,14.63,77.8,16.86,8221.93,453.28,2599.16,11274.37,859
41B000,26.62,7.48,88.3,14.15,7414.59,444.78,389.04,8248.42,772
41C000,70.85,13.97,49.0,6.42,7763.58,967.71,2084.41,10815.7,659
41D000,39.71,11.7,55.0,-9.15,7663.31,844.01,708.66,9215.98,1523
41F000,55.42,11.39,66.2,12.52,7632.35,765.34,4160.21,12557.91,1331
41G000,17.56,9.92,76.2,-3.35,7252.28,211.93,7813.03,15277.23,1337
41H000,71.17,13.98,49.4,7.04,7659.67,788.72,5816.57,14264.96,866
41J000,17.45,8.14,87.3,7.17,7512.5,316.91,926.92,8756.32,770
41L000,82.62,13.09,54.0,19.09,7992.08,1303.87,2488.35,11784.29,687
41M000,72.86,10.16,41.7,-0.61,7886.34,1952.44,4929.12,14767.91,457
41N000,45.72,25.28,46.8,-9.46,11795.49,790.17,2820.09,15405.75,179
41Q000,13.49,8.44,66.6,-16.11,7288.17,215.55,2953.66,10457.39,898
41R000,69.49,15.16,49.0,5.85,7755.49,1059.18,2867.0,11681.68,732
41Z000,55.5,12.0,47.0,-6.45,7511.86,0.0,18478.4,25990.26,85
42A000,80.87,11.66,22.1,-14.4,12127.48,963.59,2217.48,15308.54,513
42B000,39.22,23.01,53.8,-7.48,11924.16,427.09,662.24,13013.5,562
43C000,26.95,5.69,81.7,7.26,7743.03,326.65,2801.16,10870.84,293
43D000,43.85,27.05,29.9,-27.12,8263.93,491.31,3284.0,12039.25,204
44A000,53.42,24.69,53.3,2.04,8650.8,530.93,3450.99,12632.72,596
45A000,30.53,21.05,61.8,-5.88,8580.26,374.65,4171.99,13126.9,185
45B000,33.51,17.99,53.2,-13.34,7651.44,370.97,7893.29,15915.71,737
49B000,54.29,25.71,41.4,-8.98,8091.48,679.29,2394.69,11165.46,813
49D000,77.87,32.79,33.6,1.08,10345.98,1141.09,5105.27,16592.35,85
49E000,5.53,9.0,87.5,-0.4,7099.94,406.5,5026.59,12533.03,1884
49F000,32.89,12.83,61.9,-6.52,8783.92,472.42,3123.96,12380.3,1356
49G000,56.49,12.79,48.8,-3.76,7656.97,577.26,3280.2,11514.44,776
50A000,22.6,8.05,71.7,-4.99,8449.95,216.08,6562.14,15228.17,316
50Z000,41.33,26.0,60.7,1.69,8745.67,366.56,10358.73,19470.95,64
51A000,31.61,13.36,60.8,-8.33,7840.29,463.34,1790.05,10093.69,908
51B000,49.76,15.57,62.3,6.0,8572.81,776.09,1329.25,10678.16,696
51C000,38.89,13.54,58.5,-5.68,7941.58,304.71,702.33,8948.62,1993
53B000,31.75,9.52,60.5,-9.63,8111.7,458.41,1879.42,10449.53,648
53C000,53.08,14.96,36.7,-17.54,13052.79,1619.07,1525.42,16197.27,270
53D000,26.16,10.69,74.6,1.05,7878.84,304.61,1144.93,9328.37,520
55A000,27.97,10.38,75.9,3.48,7007.94,402.21,2863.87,10274.03,2398
55B000,56.4,16.53,55.2,3.64,8232.78,555.84,5848.63,14637.25,386
58B000,40.26,13.49,57.8,-5.48,9870.01,595.0,1968.01,12433.02,442
60B000,66.85,13.68,48.4,3.05,7596.57,798.49,6016.1,14411.16,1532
60D000,8.5,7.33,86.5,0.12,7032.4,274.1,6394.83,13701.32,2211
60G000,45.71,10.34,64.0,3.5,7412.41,417.55,853.06,8683.01,1326
60I000,14.46,15.96,74.4,-5.52,7537.92,395.8,3173.97,11107.7,1623
60J000,14.95,6.88,85.8,3.63,7401.49,411.22,3328.06,11140.77,1022
60K000,53.03,18.94,26.5,-26.65,8880.12,711.36,4966.68,14558.15,161
60L000,78.17,16.41,38.0,1.04,8756.3,1833.15,4627.0,15216.45,782
60M000,17.44,11.67,71.0,-8.13,7281.46,444.35,4579.04,12304.84,1368
60N000,69.86,15.94,33.9,-8.79,7673.77,910.72,2111.13,10695.62,269
60S000,24.18,9.6,63.4,-11.79,7362.88,390.15,3807.06,11560.09,1546
60Y000,33.66,25.0,54.9,-9.55,8407.36,465.96,3577.06,12450.37,543
60Z000,81.29,24.46,33.1,0.52,9169.64,628.35,17721.93,27519.92,121
61J000,41.07,16.52,47.3,-14.57,9979.02,266.44,4505.82,14751.28,216
61K000,52.08,19.1,42.4,-11.34,9217.19,561.19,3696.68,13475.06,231
61M000,47.25,13.83,38.3,-20.18,9375.95,599.08,3516.83,13491.87,792
61N000,48.12,8.87,50.7,-8.61,7780.25,473.01,4577.2,12830.47,714
61Q000,49.13,11.87,50.3,-7.47,7369.79,468.13,4514.15,12352.08,944
61R000,56.84,13.25,59.0,6.8,7585.48,616.65,1428.97,9631.1,763
61S000,35.99,8.13,59.6,-8.07,7194.6,314.99,5511.51,13021.1,903
61T000,75.58,16.96,39.9,1.35,9063.82,1057.29,3255.87,13376.97,600
61V000,58.56,11.6,60.8,9.29,7393.9,509.64,5137.92,13041.46,636
61W000,68.75,10.83,50.0,5.12,8326.14,519.09,4557.83,13403.05,186
61X000,30.98,15.09,64.8,-4.26,7696.2,419.97,3578.52,11694.68,878
61Y000,67.82,17.33,36.1,-7.56,10214.41,4317.12,7362.69,21894.22,293
62A000,52.2,12.2,35.9,-19.71,9212.7,1900.38,1661.27,12774.35,223
62J000,43.02,11.02,57.7,-4.42,7524.06,396.22,3915.68,11835.96,859
62K000,71.43,15.52,51.2,9.45,8021.11,745.66,2775.33,11542.1,486
62L000,10.68,4.36,93.8,8.05,7103.7,138.4,7918.78,15160.88,626
62M000,44.24,12.56,52.0,-8.87,7438.85,505.39,6172.45,14116.7,1231
62P000,67.44,11.63,44.2,-1.33,8222.25,1484.82,4843.9,14550.97,259
63A000,27.81,4.7,78.7,4.56,7370.07,246.81,3212.83,10829.7,467
63B000,20.59,7.14,83.1,4.8,7288.5,431.09,2898.57,10618.15,868
63C000,34.83,21.03,60.0,-4.79,7968.28,512.11,4384.29,12864.68,253
64A000,78.29,9.65,30.5,-8.3,8376.53,1394.15,3742.39,13513.06,818
65A000,27.16,15.5,68.7,-2.82,7950.54,449.54,3389.01,11789.1,391
65B000,84.56,8.09,35.3,0.27,8149.61,1014.67,4400.74,13565.01,87
65C000,83.46,13.39,44.9,10.64,8613.37,943.48,5964.58,15521.44,131
65D000,28.97,19.63,53.6,-15.53,8058.43,185.14,6327.17,14570.73,214
65F000,36.11,13.01,56.8,-9.4,7395.13,348.09,950.12,8693.34,987
65G000,58.19,14.43,60.1,9.14,8613.23,871.21,8956.63,18441.08,342
65H000,58.61,26.16,56.0,8.65,7331.28,378.57,2323.84,10033.69,319
65Z000,93.78,34.22,10.2,-11.22,11599.2,3851.42,10712.04,26162.65,147
66A000,69.52,13.23,44.9,1.22,12751.77,724.02,2105.35,15581.14,1119
67B000,74.13,30.07,36.4,0.59,8866.72,6836.54,3056.72,18759.98,95
68A000,12.98,12.43,75.1,-6.82,7662.98,457.06,4179.12,12299.17,820
68C000,6.73,15.82,89.6,4.45,8251.16,397.23,3383.98,12032.37,381
69A000,63.18,21.39,52.2,6.58,11112.86,603.49,4831.91,16548.26,497
70A000,48.43,14.49,52.7,-4.8,9192.46,568.58,5812.88,15573.92,747
73A000,41.15,11.46,74.2,10.94,7830.15,575.81,2926.7,11332.65,378
73B000,34.96,8.05,70.4,2.02,8167.32,237.55,2212.94,10617.81,716
74C000,65.62,14.87,59.9,14.06,8324.5,704.75,2071.8,11101.05,600
74Z000,82.86,32.86,59.3,30.15,10140.88,1246.57,6803.3,18190.75,106
76A000,38.12,13.21,48.0,-16.8,8363.37,840.66,1163.8,10367.83,2209
78A000,60.38,13.96,45.3,-4.32,9945.42,592.28,1678.96,12216.68,113
78B000,21.28,12.24,77.6,1.21,9547.82,942.8,572.39,11063.01,215
78C000,37.01,10.02,66.7,0.26,8621.33,495.79,1046.3,10163.42,433
79A000,34.0,15.5,53.7,-13.22,8358.1,900.99,1174.57,10433.66,632
79C000,55.91,14.52,34.9,-17.56,8763.3,487.87,1376.22,10627.4,192
80C000,44.86,12.71,58.7,-1.71,7947.83,412.57,2601.4,10961.8,926
81A000,40.69,11.41,77.3,13.72,8927.01,1040.17,1994.29,11961.47,1304
81B000,68.57,20.76,52.6,10.42,8945.09,1007.1,3927.56,13879.75,463
84B000,18.45,3.53,77.6,-3.16,8437.6,512.45,1774.33,10724.39,678
86T000,35.29,15.29,49.4,-16.7,9173.33,252.8,1462.19,10888.31,625
87A000,60.59,20.85,56.0,8.47,9861.61,489.02,3360.87,13711.5,218
88A000,31.63,15.5,66.2,-2.31,9443.16,473.87,4086.02,14003.05,418
90A000,24.46,12.39,66.7,-7.51,7287.65,321.22,2232.73,9841.59,2175
90B000,22.4,8.26,63.0,-13.77,7829.48,261.95,3389.99,11481.42,617
90C000,44.07,11.3,66.5,5.16,7435.6,513.27,3842.91,11791.78,1228
90D000,78.35,34.02,12.4,-19.45,13964.21,4780.23,4172.07,22916.55,95
90G000,57.1,11.73,36.1,-16.36,7170.4,286.48,3098.61,10555.49,249
91A000,41.97,11.75,72.4,9.78,9150.82,565.71,2346.33,12062.87,947
91B000,70.93,8.06,81.4,37.2,9385.77,1397.74,7251.87,18035.38,1291
92B000,29.74,21.17,65.5,-2.67,8102.39,680.28,3864.33,12647.0,441
92D000,3.88,11.54,90.6,2.31,7250.46,214.65,5996.63,13461.74,410
92E000,12.25,18.31,71.1,-9.64,7831.91,209.16,4092.6,12133.67,599
92F000,9.7,4.71,81.2,-5.11,6984.77,262.82,2853.5,10101.09,1647
92G000,19.05,9.64,68.5,-10.13,7389.05,330.93,2905.11,10625.08,1251
92M000,88.18,17.83,41.1,11.27,8298.79,1651.91,2551.73,12502.42,656
92P000,23.22,21.54,53.7,-18.75,8738.73,333.61,1947.83,11020.17,506
92R000,33.86,11.89,52.4,-15.63,7669.0,387.89,4121.61,12178.5,720
92S000,9.21,10.37,84.8,-0.24,7359.77,316.97,3450.33,11127.06,797
92T000,9.99,3.13,91.5,4.93,7023.59,247.68,4425.85,11697.12,1900
92V000,41.43,12.7,56.9,-5.81,8725.7,782.21,2187.66,11695.57,647
92W000,48.18,9.61,67.0,7.95,9474.63,471.64,1633.0,11579.28,565
92Y000,13.78,10.71,85.6,3.73,7456.05,217.55,4689.29,12362.89,752
93A000,77.18,16.11,30.2,-7.51,11038.2,2812.03,4125.44,17975.66,140
93J000,69.18,15.05,51.8,8.4,8122.89,865.19,4455.22,13443.31,465
93M000,17.9,10.99,80.6,1.58,8895.57,759.09,1387.74,11042.39,646
93N000,7.54,5.96,78.0,-9.41,7759.72,101.37,2773.17,10634.26,3386
93P000,56.67,13.63,50.8,-1.4,7814.55,625.01,2657.12,11096.68,707
93Q000,22.58,10.14,63.2,-12.91,7747.91,437.96,4199.03,12384.9,766
93R000,32.5,25.62,42.9,-22.15,8040.31,335.58,3685.43,12061.32,355
93T000,57.27,16.89,48.0,-2.88,9217.3,840.94,3797.16,13855.39,528
93V000,30.57,13.81,72.2,2.5,7670.37,233.41,1239.74,9143.52,580
93Y000,6.03,2.58,91.6,2.22,7079.95,210.34,2431.82,9722.11,1063
94A000,32.81,7.55,56.8,-13.17,13006.02,798.42,546.23,14350.67,262
95A000,29.61,21.46,63.9,-4.27,8159.72,645.52,2899.62,11704.86,162
96C000,83.43,8.14,28.8,-6.97,8587.38,3286.04,2481.42,14354.85,244
96F000,54.73,21.63,42.8,-8.44,10367.14,1948.87,416.67,12732.68,742
96G000,69.57,14.13,44.0,0.61,8612.83,469.73,1819.58,10902.14,292
98A000,62.63,8.75,82.3,32.72,8600.68,885.05,6879.27,16365.0,1181
98B000,64.37,10.51,57.1,9.19,8704.27,655.92,5381.34,14741.53,692
