entity,agency_code,year,subgroup,count,den,rate_pct
Buncombe County,110LEA,2018,ALL,3186.0,23801,13.4
Buncombe County,110LEA,2019,ALL,3045.0,23460,13.0
Buncombe County,110LEA,2020,ALL,1648.0,23415,7.0
Buncombe County,110LEA,2021,ALL,6492.0,21803,29.8
Buncombe County,110LEA,2022,ALL,5528.0,23090,23.9
Buncombe County,110LEA,2023,ALL,5700.0,22925,24.9
Buncombe County,110LEA,2024,ALL,5239.0,22951,22.8
Buncombe County,110LEA,2025,ALL,4292.0,22916,18.7
Buncombe County,110LEA,2018,BL7,297.0,1620,18.3
Buncombe County,110LEA,2019,BL7,318.0,1604,19.8
Buncombe County,110LEA,2020,BL7,176.0,1575,11.2
Buncombe County,110LEA,2021,BL7,780.0,1568,49.7
Buncombe County,110LEA,2022,BL7,601.0,1602,37.5
Buncombe County,110LEA,2023,BL7,602.0,1612,37.3
Buncombe County,110LEA,2024,BL7,578.0,1641,35.2
Buncombe County,110LEA,2025,BL7,514.0,1648,31.2
Buncombe County,110LEA,2022,EDS,2317.0,7659,30.3
Buncombe County,110LEA,2023,EDS,4098.0,12654,32.4
Buncombe County,110LEA,2024,EDS,3479.0,10726,32.4
Buncombe County,110LEA,2025,EDS,2853.0,10434,27.3
Buncombe County,110LEA,2018,FEM,1514.0,11740,12.9
Buncombe County,110LEA,2019,FEM,1451.0,11567,12.5
Buncombe County,110LEA,2020,FEM,758.0,11532,6.6
Buncombe County,110LEA,2021,FEM,2909.0,11037,26.4
Buncombe County,110LEA,2022,FEM,2673.0,11385,23.5
Buncombe County,110LEA,2023,FEM,2732.0,11282,24.2
Buncombe County,110LEA,2024,FEM,2483.0,11161,22.2
Buncombe County,110LEA,2025,FEM,1991.0,11149,17.9
Buncombe County,110LEA,2018,MALE,1672.0,12293,13.6
Buncombe County,110LEA,2019,MALE,1594.0,12110,13.2
Buncombe County,110LEA,2020,MALE,890.0,12137,7.3
Buncombe County,110LEA,2021,MALE,3583.0,11261,31.8
Buncombe County,110LEA,2022,MALE,2855.0,11705,24.4
Buncombe County,110LEA,2023,MALE,2968.0,11643,25.5
Buncombe County,110LEA,2024,MALE,2756.0,11790,23.4
Buncombe County,110LEA,2025,MALE,2301.0,11767,19.6
Buncombe County,110LEA,2018,SWD,667.0,3377,19.8
Buncombe County,110LEA,2019,SWD,597.0,3242,18.4
Buncombe County,110LEA,2020,SWD,352.0,3351,10.5
Buncombe County,110LEA,2021,SWD,1125.0,3067,36.7
Buncombe County,110LEA,2022,SWD,813.0,2725,29.8
Buncombe County,110LEA,2023,SWD,1033.0,3004,34.4
Buncombe County,110LEA,2024,SWD,954.0,2976,32.1
Buncombe County,110LEA,2025,SWD,763.0,2662,28.7
Buncombe County,110LEA,2018,WH7,2140.0,16837,12.7
Buncombe County,110LEA,2019,WH7,2002.0,16440,12.2
Buncombe County,110LEA,2020,WH7,1072.0,15606,6.9
Buncombe County,110LEA,2021,WH7,3585.0,15095,23.7
Buncombe County,110LEA,2022,WH7,3290.0,15240,21.6
Buncombe County,110LEA,2023,WH7,3440.0,14967,23.0
Buncombe County,110LEA,2024,WH7,3035.0,14659,20.7
Buncombe County,110LEA,2025,WH7,2340.0,14447,16.2
Asheville City,111LEA,2018,ALL,677.0,4346,15.6
Asheville City,111LEA,2019,ALL,627.0,4281,14.6
Asheville City,111LEA,2020,ALL,425.0,4297,9.9
Asheville City,111LEA,2021,ALL,673.0,4121,16.3
Asheville City,111LEA,2022,ALL,1231.0,4330,28.4
Asheville City,111LEA,2023,ALL,1130.0,4183,27.0
Asheville City,111LEA,2024,ALL,898.0,4046,22.2
Asheville City,111LEA,2025,ALL,804.0,4007,20.1
Asheville City,111LEA,2018,BL7,241.0,938,25.7
Asheville City,111LEA,2019,BL7,215.0,894,24.0
Asheville City,111LEA,2020,BL7,142.0,819,17.3
Asheville City,111LEA,2021,BL7,280.0,766,36.6
Asheville City,111LEA,2022,BL7,395.0,811,48.7
Asheville City,111LEA,2023,BL7,317.0,806,39.3
Asheville City,111LEA,2024,BL7,253.0,742,34.1
Asheville City,111LEA,2025,BL7,256.0,738,34.7
Asheville City,111LEA,2022,EDS,480.0,1018,47.2
Asheville City,111LEA,2023,EDS,697.0,1763,39.5
Asheville City,111LEA,2024,EDS,598.0,1800,33.2
Asheville City,111LEA,2025,EDS,557.0,1843,30.2
Asheville City,111LEA,2018,FEM,364.0,2283,15.9
Asheville City,111LEA,2019,FEM,305.0,2242,13.6
Asheville City,111LEA,2020,FEM,216.0,2235,9.7
Asheville City,111LEA,2021,FEM,315.0,2135,14.8
Asheville City,111LEA,2022,FEM,582.0,2146,27.1
Asheville City,111LEA,2023,FEM,518.0,2073,25.0
Asheville City,111LEA,2024,FEM,436.0,1994,21.9
Asheville City,111LEA,2025,FEM,397.0,1983,20.0
Asheville City,111LEA,2018,MALE,313.0,2246,13.9
Asheville City,111LEA,2019,MALE,322.0,2193,14.7
Asheville City,111LEA,2020,MALE,209.0,2208,9.5
Asheville City,111LEA,2021,MALE,358.0,2090,17.1
Asheville City,111LEA,2022,MALE,649.0,2184,29.7
Asheville City,111LEA,2023,MALE,612.0,2110,29.0
Asheville City,111LEA,2024,MALE,462.0,2052,22.5
Asheville City,111LEA,2025,MALE,407.0,2024,20.1
Asheville City,111LEA,2018,SWD,140.0,595,23.5
Asheville City,111LEA,2019,SWD,117.0,565,20.7
Asheville City,111LEA,2020,SWD,84.0,580,14.5
Asheville City,111LEA,2021,SWD,149.0,516,28.9
Asheville City,111LEA,2022,SWD,199.0,492,40.4
Asheville City,111LEA,2023,SWD,197.0,517,38.1
Asheville City,111LEA,2024,SWD,168.0,537,31.3
Asheville City,111LEA,2025,SWD,146.0,528,27.7
Asheville City,111LEA,2018,WH7,313.0,2835,11.0
Asheville City,111LEA,2019,WH7,289.0,2780,10.4
Asheville City,111LEA,2020,WH7,190.0,2813,6.8
Asheville City,111LEA,2021,WH7,191.0,2664,7.2
Asheville City,111LEA,2022,WH7,542.0,2703,20.1
Asheville City,111LEA,2023,WH7,547.0,2575,21.2
Asheville City,111LEA,2024,WH7,413.0,2503,16.5
Asheville City,111LEA,2025,WH7,326.0,2447,13.3
PEAK,11F000,2022,ALL,29.0,85,34.1
PEAK,11F000,2023,ALL,24.0,98,24.5
PEAK,11F000,2024,ALL,41.0,176,23.3
PEAK,11F000,2025,ALL,34.0,170,20.0
PEAK,11F000,2022,BL7,18.0,56,32.1
PEAK,11F000,2023,BL7,17.0,64,26.6
PEAK,11F000,2024,BL7,31.0,132,23.5
PEAK,11F000,2025,BL7,20.0,113,17.7
PEAK,11F000,2022,EDS,21.0,58,36.2
PEAK,11F000,2023,EDS,19.0,66,28.8
PEAK,11F000,2024,EDS,40.0,161,24.8
PEAK,11F000,2025,EDS,26.0,150,17.3
PEAK,11F000,2022,FEM,13.0,46,28.3
PEAK,11F000,2023,FEM,9.0,53,17.0
PEAK,11F000,2024,FEM,22.0,95,23.2
PEAK,11F000,2025,FEM,17.0,86,19.8
PEAK,11F000,2022,MALE,16.0,39,41.0
PEAK,11F000,2023,MALE,15.0,45,33.3
PEAK,11F000,2024,MALE,19.0,81,23.5
PEAK,11F000,2025,MALE,17.0,84,20.2
PEAK,11F000,2023,SWD,3.0,17,17.6
PEAK,11F000,2024,SWD,5.0,24,20.8
PEAK,11F000,2025,SWD,5.0,20,25.0
PEAK,11F000,2023,WH7,4.0,14,28.6
PEAK,11F000,2024,WH7,1.0,10,10.0
PEAK,11F000,2025,WH7,2.0,12,16.7
NC statewide,NC-SEA,2018,ALL,228926.0,1521200,15.0
NC statewide,NC-SEA,2019,ALL,241392.0,1519962,15.9
NC statewide,NC-SEA,2020,ALL,141938.0,1525769,9.3
NC statewide,NC-SEA,2021,ALL,379723.0,1469401,25.8
NC statewide,NC-SEA,2022,ALL,483371.0,1550045,31.2
NC statewide,NC-SEA,2023,ALL,417152.0,1560758,26.7
NC statewide,NC-SEA,2024,ALL,391065.0,1566774,25.0
NC statewide,NC-SEA,2025,ALL,379700.0,1565124,24.3
NC statewide,NC-SEA,2018,BL7,73376.0,393642,18.6
NC statewide,NC-SEA,2019,BL7,76913.0,390185,19.7
NC statewide,NC-SEA,2020,BL7,47750.0,382607,12.5
NC statewide,NC-SEA,2021,BL7,137803.0,373647,36.9
NC statewide,NC-SEA,2022,BL7,148447.0,386704,38.4
NC statewide,NC-SEA,2023,BL7,126845.0,386647,32.8
NC statewide,NC-SEA,2024,BL7,121068.0,383875,31.5
NC statewide,NC-SEA,2025,BL7,120355.0,383099,31.4
NC statewide,NC-SEA,2022,EDS,174212.0,415714,41.9
NC statewide,NC-SEA,2023,EDS,283393.0,798505,35.5
NC statewide,NC-SEA,2024,EDS,268065.0,787383,34.0
NC statewide,NC-SEA,2025,EDS,254984.0,768281,33.2
NC statewide,NC-SEA,2018,FEM,107828.0,755697,14.3
NC statewide,NC-SEA,2019,FEM,113260.0,755459,15.0
NC statewide,NC-SEA,2020,FEM,66403.0,758770,8.8
NC statewide,NC-SEA,2021,FEM,171253.0,730436,23.4
NC statewide,NC-SEA,2022,FEM,232760.0,756444,30.8
NC statewide,NC-SEA,2023,FEM,200909.0,761447,26.4
NC statewide,NC-SEA,2024,FEM,188259.0,764458,24.6
NC statewide,NC-SEA,2025,FEM,182535.0,764158,23.9
NC statewide,NC-SEA,2018,MALE,121098.0,797816,15.2
NC statewide,NC-SEA,2019,MALE,128132.0,797038,16.1
NC statewide,NC-SEA,2020,MALE,75535.0,801580,9.4
NC statewide,NC-SEA,2021,MALE,208470.0,764952,27.3
NC statewide,NC-SEA,2022,MALE,250676.0,793809,31.6
NC statewide,NC-SEA,2023,MALE,216310.0,799509,27.1
NC statewide,NC-SEA,2024,MALE,202855.0,802504,25.3
NC statewide,NC-SEA,2025,MALE,197240.0,801276,24.6
NC statewide,NC-SEA,2018,SWD,41870.0,208365,20.1
NC statewide,NC-SEA,2019,SWD,43629.0,209462,20.8
NC statewide,NC-SEA,2020,SWD,26414.0,209774,12.6
NC statewide,NC-SEA,2021,SWD,62899.0,204434,30.8
NC statewide,NC-SEA,2022,SWD,71230.0,184408,38.6
NC statewide,NC-SEA,2023,SWD,71632.0,209034,34.3
NC statewide,NC-SEA,2024,SWD,68025.0,210241,32.4
NC statewide,NC-SEA,2025,SWD,64725.0,207648,31.2
NC statewide,NC-SEA,2018,WH7,94435.0,749543,12.6
NC statewide,NC-SEA,2019,WH7,96563.0,739120,13.1
NC statewide,NC-SEA,2020,WH7,52673.0,723013,7.3
NC statewide,NC-SEA,2021,WH7,114192.0,687491,16.6
NC statewide,NC-SEA,2022,WH7,181118.0,692800,26.1
NC statewide,NC-SEA,2023,WH7,150429.0,683602,22.0
NC statewide,NC-SEA,2024,WH7,132617.0,668028,19.9
NC statewide,NC-SEA,2025,WH7,121987.0,655930,18.6
