entity,agency_code,year,subgroup,iss_per1000,sts_per1000,lts_per1000,exp_per1000,act_per1000,bha_per1000,rpt_per1000,arr_per1000
Buncombe County,110LEA,2022,ALL,216.0,144.0,0.1,0.0,10.7,11.6,10.5,0.0
Buncombe County,110LEA,2023,ALL,255.9,179.4,0.4,0.0,16.3,8.5,16.2,0.0
Buncombe County,110LEA,2024,ALL,235.9,159.6,0.8,0.0,15.3,22.4,14.7,0.0
Buncombe County,110LEA,2025,ALL,162.8,113.1,0.7,0.0,7.3,19.0,7.1,0.0
Buncombe County,110LEA,2022,BL7,725.3,493.3,0.0,0.0,24.1,31.4,23.4,0.0
Buncombe County,110LEA,2023,BL7,807.6,593.2,1.3,0.0,39.5,17.4,42.2,0.0
Buncombe County,110LEA,2024,BL7,736.1,503.2,2.6,0.0,27.2,69.4,24.6,0.0
Buncombe County,110LEA,2025,BL7,434.3,334.8,2.5,0.0,20.5,55.4,19.9,0.0
Buncombe County,110LEA,2022,EDS,338.3,240.8,0.1,0.0,16.9,19.3,16.6,0.0
Buncombe County,110LEA,2023,EDS,345.0,247.8,0.3,0.0,21.1,11.2,21.2,0.0
Buncombe County,110LEA,2024,EDS,339.8,239.5,1.3,0.0,20.9,31.1,20.2,0.0
Buncombe County,110LEA,2025,EDS,224.7,164.0,0.8,0.0,8.6,27.3,8.7,0.0
Buncombe County,110LEA,2022,FEM,136.2,86.4,0.0,0.0,6.8,3.9,6.8,0.0
Buncombe County,110LEA,2023,FEM,157.0,109.5,0.4,0.0,10.2,4.6,10.7,0.0
Buncombe County,110LEA,2024,FEM,147.4,95.5,0.5,0.0,8.5,11.8,8.4,0.0
Buncombe County,110LEA,2025,FEM,85.8,51.7,0.4,0.0,3.6,8.8,3.6,0.0
Buncombe County,110LEA,2022,MALE,289.1,197.1,0.3,0.0,14.3,18.8,13.9,0.0
Buncombe County,110LEA,2023,MALE,347.5,244.1,0.4,0.0,21.9,12.2,21.2,0.0
Buncombe County,110LEA,2024,MALE,316.6,218.1,1.1,0.0,21.6,32.2,20.5,0.0
Buncombe County,110LEA,2025,MALE,229.4,166.8,1.0,0.0,10.5,28.0,10.2,0.0
Buncombe County,110LEA,2022,SWD,337.2,296.2,0.4,0.0,21.6,25.7,21.3,0.0
Buncombe County,110LEA,2023,SWD,382.3,311.1,0.6,0.0,19.7,12.3,20.4,0.0
Buncombe County,110LEA,2024,SWD,392.9,319.1,0.7,0.0,23.1,35.2,22.5,0.0
Buncombe County,110LEA,2025,SWD,274.1,258.9,1.5,0.0,11.1,34.4,10.7,0.0
Buncombe County,110LEA,2022,WH7,155.7,108.9,0.2,0.0,9.5,10.2,9.2,0.0
Buncombe County,110LEA,2023,WH7,196.7,143.6,0.3,0.0,13.7,8.4,13.2,0.0
Buncombe County,110LEA,2024,WH7,179.6,122.2,0.8,0.0,13.8,17.0,13.3,0.0
Buncombe County,110LEA,2025,WH7,126.4,91.8,0.4,0.0,5.9,15.3,5.7,0.0
Asheville City,111LEA,2022,ALL,106.9,114.9,1.7,0.0,4.6,15.1,5.1,0.0
Asheville City,111LEA,2023,ALL,108.0,137.6,1.3,0.0,8.3,29.1,7.8,0.0
Asheville City,111LEA,2024,ALL,111.4,122.3,0.3,0.0,7.0,25.1,6.0,0.3
Asheville City,111LEA,2025,ALL,83.8,82.2,0.3,0.0,7.5,24.2,10.6,0.0
Asheville City,111LEA,2022,BL7,320.6,389.0,7.9,0.0,17.1,48.6,17.1,0.0
Asheville City,111LEA,2023,BL7,331.6,443.9,4.0,0.0,21.1,79.3,15.9,0.0
Asheville City,111LEA,2024,BL7,348.6,358.7,1.4,0.0,24.4,87.5,17.2,1.4
Asheville City,111LEA,2025,BL7,290.5,261.2,1.4,0.0,7.0,69.8,22.3,0.0
Asheville City,111LEA,2022,EDS,221.1,268.6,3.5,0.0,9.2,36.9,9.9,0.0
Asheville City,111LEA,2023,EDS,205.9,261.0,2.2,0.0,14.5,49.5,12.2,0.0
Asheville City,111LEA,2024,EDS,209.8,234.0,0.6,0.0,12.7,49.0,10.5,0.6
Asheville City,111LEA,2025,EDS,155.2,152.1,0.5,0.0,11.9,40.9,18.1,0.0
Asheville City,111LEA,2022,FEM,74.4,80.8,2.0,0.0,4.4,8.3,4.4,0.0
Asheville City,111LEA,2023,FEM,58.8,84.7,1.5,0.0,5.5,9.5,4.5,0.0
Asheville City,111LEA,2024,FEM,65.5,77.9,0.0,0.0,4.2,7.3,4.2,0.0
Asheville City,111LEA,2025,FEM,31.3,34.9,0.0,0.0,4.1,8.7,4.1,0.0
Asheville City,111LEA,2022,MALE,137.6,147.2,1.4,0.0,4.8,21.6,5.8,0.0
Asheville City,111LEA,2023,MALE,154.3,186.8,1.0,0.0,10.8,47.8,10.8,0.0
Asheville City,111LEA,2024,MALE,154.7,163.9,0.5,0.0,9.7,42.2,7.6,0.5
Asheville City,111LEA,2025,MALE,131.3,124.8,0.5,0.0,10.4,38.3,16.4,0.0
Asheville City,111LEA,2022,SWD,229.9,306.5,0.0,0.0,9.6,32.6,11.5,0.0
Asheville City,111LEA,2023,SWD,228.0,396.3,0.0,0.0,18.7,102.8,15.0,0.0
Asheville City,111LEA,2024,SWD,232.8,311.0,0.0,0.0,14.9,67.0,9.3,0.0
Asheville City,111LEA,2025,SWD,196.0,245.0,0.0,0.0,12.7,59.9,16.3,0.0
Asheville City,111LEA,2022,WH7,39.7,32.5,0.4,0.0,1.5,3.4,2.3,0.0
Asheville City,111LEA,2023,WH7,38.5,45.3,0.8,0.0,4.0,15.1,4.8,0.0
Asheville City,111LEA,2024,WH7,29.0,43.3,0.0,0.0,1.6,5.3,1.6,0.0
Asheville City,111LEA,2025,WH7,22.4,24.1,0.0,0.0,4.9,9.4,5.7,0.0
PEAK,11F000,2022,ALL,0.0,39.0,0.0,0.0,0.0,0.0,0.0,0.0
PEAK,11F000,2023,ALL,11.5,103.4,0.0,0.0,0.0,0.0,0.0,0.0
PEAK,11F000,2024,ALL,0.0,58.4,0.0,0.0,0.0,0.0,0.0,0.0
PEAK,11F000,2025,ALL,0.0,51.0,0.0,0.0,0.0,0.0,0.0,0.0
PEAK,11F000,2022,BL7,0.0,52.6,0.0,0.0,0.0,0.0,0.0,0.0
PEAK,11F000,2023,BL7,16.7,133.3,0.0,0.0,0.0,0.0,0.0,0.0
PEAK,11F000,2024,BL7,0.0,32.3,0.0,0.0,0.0,0.0,0.0,0.0
PEAK,11F000,2025,BL7,0.0,36.7,0.0,0.0,0.0,0.0,0.0,0.0
PEAK,11F000,2022,EDS,0.0,34.5,0.0,0.0,0.0,0.0,0.0,0.0
PEAK,11F000,2023,EDS,12.3,98.8,0.0,0.0,0.0,0.0,0.0,0.0
PEAK,11F000,2024,EDS,0.0,48.8,0.0,0.0,0.0,0.0,0.0,0.0
PEAK,11F000,2025,EDS,0.0,52.6,0.0,0.0,0.0,0.0,0.0,0.0
PEAK,11F000,2022,FEM,0.0,0.0,0.0,0.0,0.0,0.0,0.0,0.0
PEAK,11F000,2023,FEM,0.0,0.0,0.0,0.0,0.0,0.0,0.0,0.0
PEAK,11F000,2024,FEM,0.0,10.9,0.0,0.0,0.0,0.0,0.0,0.0
PEAK,11F000,2025,FEM,0.0,12.0,0.0,0.0,0.0,0.0,0.0,0.0
PEAK,11F000,2022,MALE,0.0,81.1,0.0,0.0,0.0,0.0,0.0,0.0
PEAK,11F000,2023,MALE,26.3,236.8,0.0,0.0,0.0,0.0,0.0,0.0
PEAK,11F000,2024,MALE,0.0,105.3,0.0,0.0,0.0,0.0,0.0,0.0
PEAK,11F000,2025,MALE,0.0,89.7,0.0,0.0,0.0,0.0,0.0,0.0
PEAK,11F000,2022,SWD,0.0,0.0,0.0,0.0,0.0,0.0,0.0,0.0
PEAK,11F000,2023,SWD,0.0,0.0,0.0,0.0,0.0,0.0,0.0,0.0
PEAK,11F000,2024,SWD,0.0,125.0,0.0,0.0,0.0,0.0,0.0,0.0
PEAK,11F000,2025,SWD,0.0,45.5,0.0,0.0,0.0,0.0,0.0,0.0
PEAK,11F000,2022,WH7,0.0,0.0,0.0,0.0,0.0,0.0,0.0,0.0
PEAK,11F000,2023,WH7,0.0,71.4,0.0,0.0,0.0,0.0,0.0,0.0
PEAK,11F000,2024,WH7,,,,,,,,
PEAK,11F000,2025,WH7,0.0,166.7,0.0,0.0,0.0,0.0,0.0,0.0
NC statewide,NC-SEA,2022,ALL,145.6,146.6,0.5,0.0,7.5,12.1,4.6,0.1
NC statewide,NC-SEA,2023,ALL,170.5,164.6,0.5,0.0,8.8,14.3,6.2,0.1
NC statewide,NC-SEA,2024,ALL,175.4,162.3,0.5,0.0,8.1,14.8,6.6,0.1
NC statewide,NC-SEA,2025,ALL,156.5,145.1,0.4,0.0,7.4,12.9,5.8,0.0
NC statewide,NC-SEA,2022,BL7,252.2,303.8,1.0,0.1,12.8,19.9,7.6,0.3
NC statewide,NC-SEA,2023,BL7,299.8,335.6,0.9,0.1,14.0,23.0,9.6,0.3
NC statewide,NC-SEA,2024,BL7,311.1,335.0,1.0,0.0,13.3,24.7,10.7,0.2
NC statewide,NC-SEA,2025,BL7,283.5,303.1,0.9,0.0,12.5,21.4,9.6,0.1
NC statewide,NC-SEA,2022,EDS,293.5,320.9,1.0,0.0,14.7,23.8,9.1,0.2
NC statewide,NC-SEA,2023,EDS,240.8,243.7,0.6,0.0,12.3,19.7,8.9,0.1
NC statewide,NC-SEA,2024,EDS,246.5,242.1,0.7,0.0,11.4,20.7,9.3,0.1
NC statewide,NC-SEA,2025,EDS,212.5,209.9,0.6,0.0,10.0,17.2,8.0,0.0
NC statewide,NC-SEA,2022,FEM,91.7,90.7,0.3,0.0,5.1,6.0,2.9,0.0
NC statewide,NC-SEA,2023,FEM,109.8,105.3,0.3,0.0,5.9,7.7,4.2,0.0
NC statewide,NC-SEA,2024,FEM,111.0,101.7,0.3,0.0,5.2,7.7,4.2,0.0
NC statewide,NC-SEA,2025,FEM,96.9,89.0,0.2,0.0,4.6,6.8,3.6,0.0
NC statewide,NC-SEA,2022,MALE,193.9,196.7,0.6,0.1,9.7,17.5,6.1,0.2
NC statewide,NC-SEA,2023,MALE,224.9,217.7,0.7,0.1,11.4,20.2,8.0,0.1
NC statewide,NC-SEA,2024,MALE,233.7,217.1,0.6,0.0,10.7,21.3,8.7,0.1
NC statewide,NC-SEA,2025,MALE,211.9,197.2,0.6,0.0,9.9,18.5,7.7,0.0
NC statewide,NC-SEA,2022,SWD,214.5,249.8,0.4,0.0,12.8,19.3,6.8,0.2
NC statewide,NC-SEA,2023,SWD,252.5,284.2,0.6,0.0,13.8,23.3,9.0,0.2
NC statewide,NC-SEA,2024,SWD,269.2,299.1,0.5,0.0,13.8,26.6,10.4,0.2
NC statewide,NC-SEA,2025,SWD,242.9,271.8,0.5,0.0,12.8,23.0,9.3,0.1
NC statewide,NC-SEA,2022,WH7,102.3,82.1,0.3,0.0,4.9,9.5,3.3,0.0
NC statewide,NC-SEA,2023,WH7,114.4,93.0,0.3,0.0,6.0,11.1,4.7,0.0
NC statewide,NC-SEA,2024,WH7,116.4,91.5,0.3,0.0,5.4,11.5,4.7,0.0
NC statewide,NC-SEA,2025,WH7,103.7,80.7,0.2,0.0,4.8,9.8,4.1,0.0
