year,subgroup,type,status,index
2024-25,All Students,Overall,Exceeded,2.93
2024-25,All Students,Reading,Exceeded,3.17
2024-25,All Students,Mathematics,Met,1.42
2024-25,Black,Overall,Exceeded,2.45
2024-25,Economically Disadvantaged,Overall,Exceeded,2.5
2024-25,Students With Disabilities,Overall,Met,1.37
2025-26,All Students,Overall,Met,-1.24
2025-26,All Students,Reading,Met,-1.67
2025-26,All Students,Mathematics,Met,0.08
2025-26,Black,Overall,Met,-1.14
2025-26,Economically Disadvantaged,Overall,Met,-1.68
2025-26,Students With Disabilities,Overall,Met,-1.07
