measure,year,system,subgroup,n,pct_glp,pct_ccr
EOG_composite,2018-19,ACS,ALL,4493.0,65.0,52.8
EOG_composite,2018-19,ACS,BLCK,876.0,22.4,12.6
EOG_composite,2018-19,ACS,WHTE,2737.0,82.2,70.3
EOG_composite,2018-19,ACS,HISP,451.0,53.0,38.6
EOG_composite,2018-19,ACS,EDS,1792.0,38.6,26.1
EOG_composite,2018-19,ACS,SWD,582.0,19.6,11.5
EOG_composite,2018-19,ACS,NOT_SWD,3911.0,71.7,58.9
EOG_composite,2018-19,ACS,NOT_EDS,2701.0,82.5,70.5
EOG_composite,2018-19,BCS,ALL,25415.0,61.2,48.0
EOG_composite,2018-19,BCS,BLCK,1867.0,34.6,22.8
EOG_composite,2018-19,BCS,WHTE,17215.0,68.4,55.3
EOG_composite,2018-19,BCS,HISP,4747.0,46.4,32.4
EOG_composite,2018-19,BCS,EDS,13768.0,50.0,36.2
EOG_composite,2018-19,BCS,SWD,3837.0,21.0,12.7
EOG_composite,2018-19,BCS,NOT_SWD,21578.0,68.4,54.3
EOG_composite,2018-19,BCS,NOT_EDS,11647.0,74.5,62.0
EOG_composite,2018-19,NC,ALL,1688583.0,60.3,46.3
EOG_composite,2018-19,NC,BLCK,425737.0,42.6,28.0
EOG_composite,2018-19,NC,WHTE,786664.0,72.8,59.2
EOG_composite,2018-19,NC,HISP,319895.0,50.1,35.0
EOG_composite,2018-19,NC,EDS,809950.0,46.2,31.4
EOG_composite,2018-19,NC,SWD,221133.0,23.3,14.0
EOG_composite,2018-19,NC,NOT_SWD,1467450.0,65.9,51.1
EOG_composite,2018-19,NC,NOT_EDS,878633.0,73.4,60.0
EOG_composite,2021-22,ACS,ALL,4069.0,53.4,37.6
EOG_composite,2021-22,ACS,BLCK,858.0,13.3,2.5
EOG_composite,2021-22,ACS,WHTE,2399.0,72.5,53.4
EOG_composite,2021-22,ACS,HISP,412.0,41.7,26.9
EOG_composite,2021-22,ACS,EDS,1555.0,22.6,12.4
EOG_composite,2021-22,ACS,SWD,545.0,18.7,9.2
EOG_composite,2021-22,ACS,NOT_SWD,3524.0,58.8,42.0
EOG_composite,2021-22,ACS,NOT_EDS,2514.0,72.4,53.2
EOG_composite,2021-22,BCS,ALL,22827.0,53.0,36.2
EOG_composite,2021-22,BCS,BLCK,1705.0,23.7,11.9
EOG_composite,2021-22,BCS,WHTE,14763.0,61.5,43.6
EOG_composite,2021-22,BCS,HISP,4752.0,37.9,22.5
EOG_composite,2021-22,BCS,EDS,11918.0,40.1,24.3
EOG_composite,2021-22,BCS,SWD,3011.0,14.4,7.1
EOG_composite,2021-22,BCS,NOT_SWD,19816.0,58.9,40.6
EOG_composite,2021-22,BCS,NOT_EDS,10909.0,67.2,49.2
EOG_composite,2021-22,NC,ALL,1625828.0,51.9,34.7
EOG_composite,2021-22,NC,BLCK,408854.0,33.8,18.2
EOG_composite,2021-22,NC,WHTE,712496.0,65.4,46.9
EOG_composite,2021-22,NC,HISP,332780.0,40.8,24.1
EOG_composite,2021-22,NC,EDS,645719.0,35.5,19.7
EOG_composite,2021-22,NC,SWD,209390.0,18.6,9.0
EOG_composite,2021-22,NC,NOT_SWD,1416438.0,56.8,38.5
EOG_composite,2021-22,NC,NOT_EDS,980109.0,62.7,44.7
EOG_composite,2022-23,PEAK,ALL,36.0,58.3,41.7
EOG_composite,2022-23,PEAK,BLCK,28.0,53.6,39.3
EOG_composite,2022-23,PEAK,EDS,26.0,42.3,19.2
EOG_composite,2022-23,PEAK,NOT_SWD,30.0,70.0,50.0
EOG_composite,2022-23,PEAK,NOT_EDS,10.0,97.5,97.5
EOG_composite,2022-23,ACS,ALL,3924.0,54.7,41.5
EOG_composite,2022-23,ACS,BLCK,856.0,13.8,5.5
EOG_composite,2022-23,ACS,WHTE,2291.0,74.2,58.8
EOG_composite,2022-23,ACS,HISP,366.0,45.9,32.0
EOG_composite,2022-23,ACS,EDS,1882.0,29.7,18.7
EOG_composite,2022-23,ACS,SWD,539.0,17.8,9.6
EOG_composite,2022-23,ACS,NOT_SWD,3385.0,60.6,46.5
EOG_composite,2022-23,ACS,NOT_EDS,2042.0,77.8,62.4
EOG_composite,2022-23,BCS,ALL,22774.0,54.3,37.8
EOG_composite,2022-23,BCS,BLCK,1653.0,25.4,12.8
EOG_composite,2022-23,BCS,WHTE,14760.0,63.0,45.9
EOG_composite,2022-23,BCS,HISP,4782.0,38.9,22.4
EOG_composite,2022-23,BCS,EDS,13111.0,41.0,24.8
EOG_composite,2022-23,BCS,SWD,3009.0,14.7,8.0
EOG_composite,2022-23,BCS,NOT_SWD,19765.0,60.3,42.3
EOG_composite,2022-23,BCS,NOT_EDS,9663.0,72.5,55.5
EOG_composite,2022-23,NC,ALL,1624797.0,53.9,36.4
EOG_composite,2022-23,NC,BLCK,403744.0,36.5,19.8
EOG_composite,2022-23,NC,WHTE,701226.0,67.2,48.9
EOG_composite,2022-23,NC,HISP,339800.0,42.5,25.2
EOG_composite,2022-23,NC,EDS,853317.0,40.0,22.8
EOG_composite,2022-23,NC,SWD,216989.0,19.6,9.6
EOG_composite,2022-23,NC,NOT_SWD,1407808.0,59.2,40.6
EOG_composite,2022-23,NC,NOT_EDS,771480.0,69.3,51.5
EOG_composite,2023-24,PEAK,ALL,128.0,44.5,28.9
EOG_composite,2023-24,PEAK,BLCK,109.0,40.4,26.6
EOG_composite,2023-24,PEAK,EDS,115.0,38.3,20.9
EOG_composite,2023-24,PEAK,SWD,13.0,7.7,2.5
EOG_composite,2023-24,PEAK,NOT_SWD,115.0,48.7,32.2
EOG_composite,2023-24,PEAK,NOT_EDS,13.0,97.5,97.5
EOG_composite,2023-24,ACS,ALL,3586.0,59.0,44.8
EOG_composite,2023-24,ACS,BLCK,752.0,17.7,7.2
EOG_composite,2023-24,ACS,WHTE,2150.0,77.8,62.0
EOG_composite,2023-24,ACS,HISP,335.0,46.6,32.8
EOG_composite,2023-24,ACS,EDS,1723.0,33.7,21.5
EOG_composite,2023-24,ACS,SWD,566.0,17.3,9.5
EOG_composite,2023-24,ACS,NOT_SWD,3020.0,66.8,51.5
EOG_composite,2023-24,ACS,NOT_EDS,1863.0,82.4,66.5
EOG_composite,2023-24,BCS,ALL,22729.0,53.7,37.5
EOG_composite,2023-24,BCS,BLCK,1621.0,25.5,12.5
EOG_composite,2023-24,BCS,WHTE,14501.0,63.5,46.2
EOG_composite,2023-24,BCS,HISP,4990.0,36.3,21.4
EOG_composite,2023-24,BCS,EDS,10956.0,39.8,24.2
EOG_composite,2023-24,BCS,SWD,3112.0,16.3,9.1
EOG_composite,2023-24,BCS,NOT_SWD,19617.0,59.6,42.0
EOG_composite,2023-24,BCS,NOT_EDS,11773.0,66.7,49.8
EOG_composite,2023-24,NC,ALL,1615926.0,54.6,37.1
EOG_composite,2023-24,NC,BLCK,394282.0,38.4,21.2
EOG_composite,2023-24,NC,WHTE,684398.0,67.7,49.5
EOG_composite,2023-24,NC,HISP,351004.0,42.2,25.3
EOG_composite,2023-24,NC,EDS,827466.0,41.3,23.9
EOG_composite,2023-24,NC,SWD,222787.0,19.9,9.9
EOG_composite,2023-24,NC,NOT_SWD,1393139.0,60.1,41.5
EOG_composite,2023-24,NC,NOT_EDS,788460.0,68.5,51.1
EOG_composite,2024-25,PEAK,ALL,172.0,50.0,23.8
EOG_composite,2024-25,PEAK,BLCK,120.0,40.0,15.0
EOG_composite,2024-25,PEAK,HISP,21.0,61.9,23.8
EOG_composite,2024-25,PEAK,EDS,151.0,46.4,19.2
EOG_composite,2024-25,PEAK,SWD,54.0,18.5,11.1
EOG_composite,2024-25,PEAK,NOT_SWD,118.0,64.4,29.7
EOG_composite,2024-25,PEAK,NOT_EDS,21.0,76.2,57.1
EOG_composite,2024-25,ACS,ALL,3490.0,56.8,40.4
EOG_composite,2024-25,ACS,BLCK,692.0,14.9,2.5
EOG_composite,2024-25,ACS,WHTE,2081.0,76.4,57.6
EOG_composite,2024-25,ACS,HISP,365.0,44.1,25.2
EOG_composite,2024-25,ACS,EDS,1700.0,33.2,19.3
EOG_composite,2024-25,ACS,SWD,542.0,16.4,8.5
EOG_composite,2024-25,ACS,NOT_SWD,2948.0,64.2,46.3
EOG_composite,2024-25,ACS,NOT_EDS,1790.0,79.2,60.5
EOG_composite,2024-25,BCS,ALL,23157.0,53.7,35.6
EOG_composite,2024-25,BCS,BLCK,1577.0,26.7,11.5
EOG_composite,2024-25,BCS,WHTE,14716.0,63.7,44.5
EOG_composite,2024-25,BCS,HISP,5194.0,34.9,18.9
EOG_composite,2024-25,BCS,EDS,10733.0,41.6,24.0
EOG_composite,2024-25,BCS,SWD,2956.0,14.0,6.2
EOG_composite,2024-25,BCS,NOT_SWD,20201.0,59.5,39.9
EOG_composite,2024-25,BCS,NOT_EDS,12424.0,64.1,45.6
EOG_composite,2024-25,NC,ALL,1622027.0,55.5,35.3
EOG_composite,2024-25,NC,BLCK,393157.0,39.6,19.7
EOG_composite,2024-25,NC,WHTE,678636.0,68.3,47.3
EOG_composite,2024-25,NC,HISP,356859.0,43.5,23.8
EOG_composite,2024-25,NC,EDS,808006.0,42.2,21.9
EOG_composite,2024-25,NC,SWD,226266.0,19.4,8.1
EOG_composite,2024-25,NC,NOT_SWD,1395761.0,61.4,39.8
EOG_composite,2024-25,NC,NOT_EDS,814021.0,68.7,48.7
EOG_composite,2025-26,PEAK,ALL,218.0,43.6,22.0
EOG_composite,2025-26,PEAK,BLCK,151.0,34.4,16.6
EOG_composite,2025-26,PEAK,WHTE,16.0,75.0,50.0
EOG_composite,2025-26,PEAK,HISP,24.0,62.5,12.5
EOG_composite,2025-26,PEAK,EDS,187.0,40.6,17.6
EOG_composite,2025-26,PEAK,SWD,62.0,16.1,2.5
EOG_composite,2025-26,PEAK,NOT_SWD,156.0,54.5,28.8
EOG_composite,2025-26,PEAK,NOT_EDS,31.0,61.3,48.4
EOG_composite,2025-26,ACS,ALL,3483.0,61.0,44.0
EOG_composite,2025-26,ACS,BLCK,722.0,19.7,6.6
EOG_composite,2025-26,ACS,WHTE,2036.0,80.6,61.8
EOG_composite,2025-26,ACS,HISP,335.0,51.9,34.0
EOG_composite,2025-26,ACS,EDS,1500.0,34.9,20.1
EOG_composite,2025-26,ACS,SWD,619.0,20.7,9.0
EOG_composite,2025-26,ACS,NOT_SWD,2864.0,69.7,51.5
EOG_composite,2025-26,ACS,NOT_EDS,1983.0,80.7,62.1
EOG_composite,2025-26,BCS,ALL,22665.0,58.8,38.6
EOG_composite,2025-26,BCS,BLCK,1511.0,30.5,14.4
EOG_composite,2025-26,BCS,WHTE,14418.0,68.6,47.6
EOG_composite,2025-26,BCS,HISP,5099.0,40.7,21.8
EOG_composite,2025-26,BCS,EDS,9468.0,45.3,25.2
EOG_composite,2025-26,BCS,SWD,3043.0,16.4,7.2
EOG_composite,2025-26,BCS,NOT_SWD,19622.0,65.4,43.5
EOG_composite,2025-26,BCS,NOT_EDS,13197.0,68.5,48.2
EOG_composite,2025-26,NC,ALL,1607435.0,59.1,37.6
EOG_composite,2025-26,NC,BLCK,389898.0,43.9,21.8
EOG_composite,2025-26,NC,WHTE,667383.0,70.9,49.1
EOG_composite,2025-26,NC,HISP,354408.0,48.3,26.6
EOG_composite,2025-26,NC,EDS,777568.0,46.0,23.8
EOG_composite,2025-26,NC,SWD,226668.0,20.7,8.3
EOG_composite,2025-26,NC,NOT_SWD,1380767.0,65.4,42.4
EOG_composite,2025-26,NC,NOT_EDS,829867.0,71.4,50.4
Reading,2018-19,ACS,ALL,1942.0,65.4,56.2
Reading,2018-19,ACS,BLCK,381.0,22.3,14.7
Reading,2018-19,ACS,WHTE,1187.0,83.0,73.9
Reading,2018-19,ACS,HISP,190.0,54.2,43.2
Reading,2018-19,ACS,EDS,775.0,38.6,28.6
Reading,2018-19,ACS,SWD,250.0,17.2,12.0
Reading,2018-19,ACS,NOT_SWD,1692.0,72.6,62.8
Reading,2018-19,ACS,NOT_EDS,1167.0,83.3,74.6
Reading,2018-19,BCS,ALL,10870.0,57.2,46.6
Reading,2018-19,BCS,BLCK,796.0,31.2,21.0
Reading,2018-19,BCS,WHTE,7373.0,65.3,54.6
Reading,2018-19,BCS,HISP,2026.0,38.9,28.1
Reading,2018-19,BCS,EDS,5883.0,45.0,34.0
Reading,2018-19,BCS,SWD,1635.0,16.9,11.7
Reading,2018-19,BCS,NOT_SWD,9235.0,64.4,52.7
Reading,2018-19,BCS,NOT_EDS,4987.0,71.7,61.3
Reading,2018-19,NC,ALL,724148.0,57.1,45.2
Reading,2018-19,NC,BLCK,182723.0,40.0,27.7
Reading,2018-19,NC,WHTE,336670.0,70.3,58.8
Reading,2018-19,NC,HISP,137464.0,44.3,31.7
Reading,2018-19,NC,EDS,348576.0,42.4,30.0
Reading,2018-19,NC,SWD,95073.0,20.1,13.7
Reading,2018-19,NC,NOT_SWD,629075.0,62.7,49.9
Reading,2018-19,NC,NOT_EDS,375572.0,70.8,59.2
Reading,2021-22,ACS,ALL,1751.0,54.8,38.3
Reading,2021-22,ACS,BLCK,373.0,13.1,2.5
Reading,2021-22,ACS,WHTE,1030.0,75.0,55.1
Reading,2021-22,ACS,HISP,174.0,43.1,28.7
Reading,2021-22,ACS,EDS,673.0,24.4,13.4
Reading,2021-22,ACS,SWD,232.0,19.0,7.8
Reading,2021-22,ACS,NOT_SWD,1519.0,60.3,43.0
Reading,2021-22,ACS,NOT_EDS,1078.0,73.8,53.9
Reading,2021-22,BCS,ALL,9740.0,48.3,29.7
Reading,2021-22,BCS,BLCK,724.0,21.4,9.1
Reading,2021-22,BCS,WHTE,6310.0,56.9,36.8
Reading,2021-22,BCS,HISP,2021.0,31.5,16.0
Reading,2021-22,BCS,EDS,5072.0,34.8,18.2
Reading,2021-22,BCS,SWD,1295.0,10.7,2.5
Reading,2021-22,BCS,NOT_SWD,8445.0,54.1,33.6
Reading,2021-22,BCS,NOT_EDS,4668.0,63.0,42.3
Reading,2021-22,NC,ALL,695851.0,48.4,29.3
Reading,2021-22,NC,BLCK,175037.0,32.1,15.1
Reading,2021-22,NC,WHTE,304617.0,61.7,40.6
Reading,2021-22,NC,HISP,142413.0,35.5,18.2
Reading,2021-22,NC,EDS,277574.0,32.4,15.5
Reading,2021-22,NC,SWD,89829.0,15.2,6.4
Reading,2021-22,NC,NOT_SWD,606022.0,53.3,32.8
Reading,2021-22,NC,NOT_EDS,418277.0,59.1,38.6
Reading,2022-23,PEAK,ALL,18.0,44.4,38.9
Reading,2022-23,PEAK,BLCK,14.0,42.9,35.7
Reading,2022-23,PEAK,EDS,13.0,23.1,15.4
Reading,2022-23,PEAK,NOT_SWD,15.0,53.3,46.7
Reading,2022-23,ACS,ALL,1652.0,55.9,40.8
Reading,2022-23,ACS,BLCK,360.0,15.0,2.5
Reading,2022-23,ACS,WHTE,969.0,75.9,58.7
Reading,2022-23,ACS,HISP,151.0,45.7,29.1
Reading,2022-23,ACS,EDS,786.0,30.7,16.9
Reading,2022-23,ACS,SWD,229.0,17.5,9.6
Reading,2022-23,ACS,NOT_SWD,1423.0,62.1,45.8
Reading,2022-23,ACS,NOT_EDS,866.0,78.8,62.5
Reading,2022-23,BCS,ALL,9783.0,49.7,31.8
Reading,2022-23,BCS,BLCK,713.0,24.0,11.1
Reading,2022-23,BCS,WHTE,6335.0,58.5,39.7
Reading,2022-23,BCS,HISP,2060.0,32.6,15.7
Reading,2022-23,BCS,EDS,5666.0,36.4,19.6
Reading,2022-23,BCS,SWD,1309.0,10.8,2.5
Reading,2022-23,BCS,NOT_SWD,8474.0,55.7,35.9
Reading,2022-23,BCS,NOT_EDS,4117.0,68.0,48.5
Reading,2022-23,NC,ALL,694717.0,50.2,30.9
Reading,2022-23,NC,BLCK,172493.0,34.7,16.9
Reading,2022-23,NC,WHTE,299860.0,63.1,42.1
Reading,2022-23,NC,HISP,145057.0,37.1,19.2
Reading,2022-23,NC,EDS,365559.0,36.3,18.3
Reading,2022-23,NC,SWD,93161.0,15.7,6.8
Reading,2022-23,NC,NOT_SWD,601556.0,55.5,34.6
Reading,2022-23,NC,NOT_EDS,329158.0,65.5,44.9
Reading,2023-24,PEAK,ALL,55.0,40.0,23.6
Reading,2023-24,PEAK,BLCK,46.0,34.8,21.7
Reading,2023-24,PEAK,EDS,50.0,34.0,16.0
Reading,2023-24,PEAK,NOT_SWD,50.0,44.0,26.0
Reading,2023-24,ACS,ALL,1546.0,57.8,42.4
Reading,2023-24,ACS,BLCK,323.0,15.8,5.3
Reading,2023-24,ACS,WHTE,925.0,77.1,58.8
Reading,2023-24,ACS,HISP,147.0,44.9,33.3
Reading,2023-24,ACS,EDS,748.0,32.6,19.9
Reading,2023-24,ACS,SWD,248.0,14.9,8.1
Reading,2023-24,ACS,NOT_SWD,1298.0,66.0,48.9
Reading,2023-24,ACS,NOT_EDS,798.0,81.5,63.4
Reading,2023-24,BCS,ALL,9771.0,49.6,31.2
Reading,2023-24,BCS,BLCK,694.0,22.8,9.8
Reading,2023-24,BCS,WHTE,6247.0,59.7,39.4
Reading,2023-24,BCS,HISP,2137.0,30.7,15.0
Reading,2023-24,BCS,EDS,4712.0,35.2,18.7
Reading,2023-24,BCS,SWD,1329.0,12.1,6.2
Reading,2023-24,BCS,NOT_SWD,8442.0,55.5,35.2
Reading,2023-24,BCS,NOT_EDS,5059.0,62.9,42.9
Reading,2023-24,NC,ALL,691508.0,50.1,30.5
Reading,2023-24,NC,BLCK,168551.0,35.6,17.3
Reading,2023-24,NC,WHTE,292952.0,62.9,41.6
Reading,2023-24,NC,HISP,150052.0,36.2,18.5
Reading,2023-24,NC,EDS,354791.0,36.9,18.4
Reading,2023-24,NC,SWD,95723.0,15.5,6.7
Reading,2023-24,NC,NOT_SWD,595785.0,55.6,34.4
Reading,2023-24,NC,NOT_EDS,336717.0,63.9,43.3
Reading,2024-25,PEAK,ALL,77.0,48.1,24.7
Reading,2024-25,PEAK,BLCK,54.0,35.2,16.7
Reading,2024-25,PEAK,EDS,67.0,43.3,20.9
Reading,2024-25,PEAK,SWD,24.0,20.8,16.7
Reading,2024-25,PEAK,NOT_SWD,53.0,60.4,28.3
Reading,2024-25,PEAK,NOT_EDS,10.0,80.0,50.0
Reading,2024-25,ACS,ALL,1511.0,57.8,41.7
Reading,2024-25,ACS,BLCK,298.0,15.1,6.0
Reading,2024-25,ACS,WHTE,906.0,77.4,58.4
Reading,2024-25,ACS,HISP,155.0,48.4,29.7
Reading,2024-25,ACS,EDS,733.0,34.2,20.2
Reading,2024-25,ACS,SWD,236.0,16.9,7.6
Reading,2024-25,ACS,NOT_SWD,1275.0,65.4,48.0
Reading,2024-25,ACS,NOT_EDS,778.0,80.1,62.0
Reading,2024-25,BCS,ALL,9915.0,51.4,33.2
Reading,2024-25,BCS,BLCK,672.0,25.4,11.9
Reading,2024-25,BCS,WHTE,6327.0,61.8,42.0
Reading,2024-25,BCS,HISP,2204.0,30.5,15.2
Reading,2024-25,BCS,EDS,4587.0,39.9,22.6
Reading,2024-25,BCS,SWD,1269.0,12.1,5.8
Reading,2024-25,BCS,NOT_SWD,8646.0,57.1,37.2
Reading,2024-25,BCS,NOT_EDS,5328.0,61.3,42.3
Reading,2024-25,NC,ALL,695258.0,52.5,31.5
Reading,2024-25,NC,BLCK,168487.0,38.4,18.5
Reading,2024-25,NC,WHTE,290740.0,64.8,42.4
Reading,2024-25,NC,HISP,153027.0,39.1,19.8
Reading,2024-25,NC,EDS,347334.0,39.5,19.4
Reading,2024-25,NC,SWD,97438.0,15.9,6.5
Reading,2024-25,NC,NOT_SWD,597820.0,58.4,35.6
Reading,2024-25,NC,NOT_EDS,347924.0,65.3,43.6
Reading,2025-26,PEAK,ALL,100.0,39.0,18.0
Reading,2025-26,PEAK,BLCK,69.0,26.1,13.0
Reading,2025-26,PEAK,HISP,11.0,72.7,9.1
Reading,2025-26,PEAK,EDS,87.0,34.5,13.8
Reading,2025-26,PEAK,SWD,27.0,18.5,2.5
Reading,2025-26,PEAK,NOT_SWD,73.0,46.6,23.3
Reading,2025-26,PEAK,NOT_EDS,13.0,69.2,46.2
Reading,2025-26,ACS,ALL,1485.0,61.1,43.5
Reading,2025-26,ACS,BLCK,307.0,18.6,6.8
Reading,2025-26,ACS,WHTE,869.0,81.0,61.3
Reading,2025-26,ACS,HISP,142.0,51.4,32.4
Reading,2025-26,ACS,EDS,638.0,34.0,19.9
Reading,2025-26,ACS,SWD,261.0,19.5,9.2
Reading,2025-26,ACS,NOT_SWD,1224.0,70.0,50.8
Reading,2025-26,ACS,NOT_EDS,847.0,81.6,61.3
Reading,2025-26,BCS,ALL,9735.0,56.0,33.9
Reading,2025-26,BCS,BLCK,650.0,30.8,14.0
Reading,2025-26,BCS,WHTE,6174.0,65.9,42.4
Reading,2025-26,BCS,HISP,2203.0,36.1,16.8
Reading,2025-26,BCS,EDS,4072.0,42.7,21.9
Reading,2025-26,BCS,SWD,1326.0,13.4,6.5
Reading,2025-26,BCS,NOT_SWD,8409.0,62.7,38.2
Reading,2025-26,BCS,NOT_EDS,5663.0,65.5,42.5
Reading,2025-26,NC,ALL,689718.0,55.7,32.8
Reading,2025-26,NC,BLCK,167367.0,42.2,19.9
Reading,2025-26,NC,WHTE,286139.0,67.4,43.2
Reading,2025-26,NC,HISP,151996.0,43.1,21.6
Reading,2025-26,NC,EDS,334681.0,42.9,20.6
Reading,2025-26,NC,SWD,97808.0,16.9,6.4
Reading,2025-26,NC,NOT_SWD,591910.0,62.2,37.2
Reading,2025-26,NC,NOT_EDS,355037.0,67.8,44.4
